[
  {
    "value": "arts college",
    "synonyms": [
      "arts college"
    ]
  },
  {
    "value": "begumpet",
    "synonyms": [
      "begumpet"
    ]
  },
  {
    "value": "hitech city",
    "synonyms": [
      "hitech city"
    ]
  },
  {
    "value": "aler",
    "synonyms": [
      "aler"
    ]
  },
  {
    "value": "alwal",
    "synonyms": [
      "alwal"
    ]
  },
  {
    "value": "ammuguda",
    "synonyms": [
      "ammuguda"
    ]
  },
  {
    "value": "bharatnagar",
    "synonyms": [
      "bharatnagar"
    ]
  },
  {
    "value": "bhongir",
    "synonyms": [
      "bhongir"
    ]
  },
  {
    "value": "bibinagar",
    "synonyms": [
      "bibinagar"
    ]
  },
  {
    "value": "bolarum",
    "synonyms": [
      "bolarum"
    ]
  },
  {
    "value": "bolarum bazar",
    "synonyms": [
      "bolarum bazar"
    ]
  },
  {
    "value": "borabanda",
    "synonyms": [
      "borabanda"
    ]
  },
  {
    "value": "budvel",
    "synonyms": [
      "budvel"
    ]
  },
  {
    "value": "cavalry barracks",
    "synonyms": [
      "cavalry barracks"
    ]
  },
  {
    "value": "chandanagar",
    "synonyms": [
      "chandanagar"
    ]
  },
  {
    "value": "charlapalli",
    "synonyms": [
      "charlapalli"
    ]
  },
  {
    "value": "dabilpur",
    "synonyms": [
      "dabilpur"
    ]
  },
  {
    "value": "dabirpura",
    "synonyms": [
      "dabirpura"
    ]
  },
  {
    "value": "dayanandnagar",
    "synonyms": [
      "dayanandnagar"
    ]
  },
  {
    "value": "falaknuma",
    "synonyms": [
      "falaknuma"
    ]
  },
  {
    "value": "fatehnagar",
    "synonyms": [
      "fatehnagar"
    ]
  },
  {
    "value": "ghanapur",
    "synonyms": [
      "ghanapur"
    ]
  },
  {
    "value": "ghatkesar",
    "synonyms": [
      "ghatkesar"
    ]
  },
  {
    "value": "gowdavalli",
    "synonyms": [
      "gowdavalli"
    ]
  },
  {
    "value": "gundla pochampalli",
    "synonyms": [
      "gundla pochampalli"
    ]
  },
  {
    "value": "hafeezpet",
    "synonyms": [
      "hafeezpet"
    ]
  },
  {
    "value": "huppuguda",
    "synonyms": [
      "huppuguda"
    ]
  },
  {
    "value": "hyderabad",
    "synonyms": [
      "hyderabad"
    ]
  },
  {
    "value": "jamai osmania",
    "synonyms": [
      "jamai osmania"
    ]
  },
  {
    "value": "james street",
    "synonyms": [
      "james street"
    ]
  },
  {
    "value": "jangaon",
    "synonyms": [
      "jangaon"
    ]
  },
  {
    "value": "kacheguda",
    "synonyms": [
      "kacheguda"
    ]
  },
  {
    "value": "kazipet jn",
    "synonyms": [
      "kazipet jn"
    ]
  },
  {
    "value": "khairatabad",
    "synonyms": [
      "khairatabad"
    ]
  },
  {
    "value": "kuchavaram h",
    "synonyms": [
      "kuchavaram h"
    ]
  },
  {
    "value": "lakdikapul",
    "synonyms": [
      "lakdikapul"
    ]
  },
  {
    "value": "lallaguda gate",
    "synonyms": [
      "lallaguda gate"
    ]
  },
  {
    "value": "lingampalli",
    "synonyms": [
      "lingampalli"
    ]
  },
  {
    "value": "malakpet",
    "synonyms": [
      "malakpet"
    ]
  },
  {
    "value": "malkajgiri",
    "synonyms": [
      "malkajgiri"
    ]
  },
  {
    "value": "manoharabad",
    "synonyms": [
      "manoharabad"
    ]
  },
  {
    "value": "medchal",
    "synonyms": [
      "medchal"
    ]
  },
  {
    "value": "nature cure hospital",
    "synonyms": [
      "nature cure hospital"
    ]
  },
  {
    "value": "necklace road",
    "synonyms": [
      "necklace road"
    ]
  },
  {
    "value": "npa shivrampalli",
    "synonyms": [
      "npa shivrampalli"
    ]
  },
  {
    "value": "pembarthi",
    "synonyms": [
      "pembarthi"
    ]
  },
  {
    "value": "pindial",
    "synonyms": [
      "pindial"
    ]
  },
  {
    "value": "raghunathapalli",
    "synonyms": [
      "raghunathapalli"
    ]
  },
  {
    "value": "raigir",
    "synonyms": [
      "raigir"
    ]
  },
  {
    "value": "ramakistapuram gate",
    "synonyms": [
      "ramakistapuram gate"
    ]
  },
  {
    "value": "safilguda",
    "synonyms": [
      "safilguda"
    ]
  },
  {
    "value": "sanjeevaiah park",
    "synonyms": [
      "sanjeevaiah park"
    ]
  },
  {
    "value": "secunderabad",
    "synonyms": [
      "secunderabad"
    ]
  },
  {
    "value": "sitafalmandi",
    "synonyms": [
      "sitafalmandi"
    ]
  },
  {
    "value": "umdanagar",
    "synonyms": [
      "umdanagar"
    ]
  },
  {
    "value": "vidyanagar",
    "synonyms": [
      "vidyanagar"
    ]
  },
  {
    "value": "wangapalli",
    "synonyms": [
      "wangapalli"
    ]
  },
  {
    "value": "warangal",
    "synonyms": [
      "warangal"
    ]
  },
  {
    "value": "yakutpura",
    "synonyms": [
      "yakutpura"
    ]
  }
]