[
  {
    "id": "1588ba70-58a6-4fe0-8cad-d1b2fe72ff08",
    "data": [
      {
        "text": "find me a mmts",
        "userDefined": false
      }
    ],
    "isTemplate": false,
    "count": 0,
    "updated": 1542196108
  },
  {
    "id": "384e11de-0077-4bce-ab5e-44933f9cb361",
    "data": [
      {
        "text": "find me a train",
        "userDefined": false
      }
    ],
    "isTemplate": false,
    "count": 0,
    "updated": 1542196108
  },
  {
    "id": "fa5a1e90-9d6d-4c5b-ba69-4443601cad5f",
    "data": [
      {
        "text": "im looking for mmts",
        "userDefined": false
      }
    ],
    "isTemplate": false,
    "count": 0,
    "updated": 1542196108
  },
  {
    "id": "627dabfd-477b-4fb7-b6d1-40344dbcb21f",
    "data": [
      {
        "text": "i want an mmts from ",
        "userDefined": false
      },
      {
        "text": "arts college",
        "alias": "from",
        "meta": "@Station",
        "userDefined": false
      },
      {
        "text": " to ",
        "userDefined": false
      },
      {
        "text": "begumpet",
        "alias": "to",
        "meta": "@Station",
        "userDefined": false
      },
      {
        "text": " at ",
        "userDefined": false
      },
      {
        "text": "1AM",
        "alias": "time",
        "meta": "@sys.time",
        "userDefined": true
      }
    ],
    "isTemplate": false,
    "count": 0,
    "updated": 1542194543
  },
  {
    "id": "171027d9-1a3c-44b6-a10b-c6f8ff0e1448",
    "data": [
      {
        "text": "travel from ",
        "userDefined": false
      },
      {
        "text": "arts college",
        "alias": "from",
        "meta": "@Station",
        "userDefined": false
      },
      {
        "text": " to ",
        "userDefined": false
      },
      {
        "text": "begumpet",
        "alias": "to",
        "meta": "@Station",
        "userDefined": false
      },
      {
        "text": " at ",
        "userDefined": false
      },
      {
        "text": "5PM",
        "alias": "time",
        "meta": "@sys.time",
        "userDefined": true
      }
    ],
    "isTemplate": false,
    "count": 0,
    "updated": 1542106827
  },
  {
    "id": "6d58c4f9-8f23-4cd7-b301-dd44d3b1d596",
    "data": [
      {
        "text": "train from ",
        "userDefined": false
      },
      {
        "text": "arts college",
        "alias": "from",
        "meta": "@Station",
        "userDefined": false
      },
      {
        "text": " to ",
        "userDefined": false
      },
      {
        "text": "begumpet",
        "alias": "to",
        "meta": "@Station",
        "userDefined": false
      },
      {
        "text": " around ",
        "userDefined": false
      },
      {
        "text": "3AM",
        "alias": "time",
        "meta": "@sys.time",
        "userDefined": true
      }
    ],
    "isTemplate": false,
    "count": 0,
    "updated": 1542106827
  },
  {
    "id": "780402f3-bb0b-46d8-bff8-6a2189a4916c",
    "data": [
      {
        "text": "mmts from ",
        "userDefined": false
      },
      {
        "text": "arts college",
        "alias": "from",
        "meta": "@Station",
        "userDefined": true
      },
      {
        "text": " to ",
        "userDefined": false
      },
      {
        "text": "begumpet",
        "alias": "to",
        "meta": "@Station",
        "userDefined": true
      },
      {
        "text": " before ",
        "userDefined": false
      },
      {
        "text": "6:30AM",
        "alias": "time",
        "meta": "@sys.time",
        "userDefined": true
      }
    ],
    "isTemplate": false,
    "count": 0,
    "updated": 1542106827
  }
]